<?xml version="1.0" encoding="utf-8"?>
<!--/643239/965719/2.49/14/4/Integrated Circuit/-->
<quadcept_library>
  <setting unit="mil" />
  <textstyle name="Default" height="47.244094488189" strokewidth="7.8740157480315" charwidth="47.244094488189" />
  <textstyle name="Dimension" height="19.6850393700787" strokewidth="0" charwidth="19.6850393700787" />
  <textstyle name="H127W0635TH00762" height="50" strokewidth="3" charwidth="25" />
  <textstyle name="H15W15TH02" height="59.0551181102362" strokewidth="7.8740157480315" charwidth="59.0551181102362" />
  <padstyle name="r75_35" surface="True" plated="False" isvia="False" nopaste="False" nomask="True" complex="False" holesize="0">
    <padshape layer="TOP" shape="rectangle" width="13.779527559055" height="29.527559055118" />
    <padshape layer="TOP_SOLDER_MASK" shape="rectangle" width="21.653543307086" height="37.401574803149" />
    <padshape layer="TOP_SOLDER_PASTE" shape="rectangle" width="13.779527559055" height="29.527559055118" />
  </padstyle>
  <footprint name="MAX30102EFDT" originx="0" originy="0" pickpointx="0" pickpointy="0">
    <pcbpin number="1" name="1" style="r75_35" originx="-47.244094488188" originy="94.488188976377" rotation="90" />
    <pcbpin number="2" name="2" style="r75_35" originx="-47.244094488188" originy="62.992125984251" rotation="90" />
    <pcbpin number="3" name="3" style="r75_35" originx="-47.244094488188" originy="31.496062992126" rotation="90" />
    <pcbpin number="4" name="4" style="r75_35" originx="-47.244094488188" originy="0" rotation="90" />
    <pcbpin number="5" name="5" style="r75_35" originx="-47.244094488188" originy="-31.496062992126" rotation="90" />
    <pcbpin number="6" name="6" style="r75_35" originx="-47.244094488188" originy="-62.992125984251" rotation="90" />
    <pcbpin number="7" name="7" style="r75_35" originx="-47.244094488188" originy="-94.488188976377" rotation="90" />
    <pcbpin number="8" name="8" style="r75_35" originx="47.244094488188" originy="-94.488188976377" rotation="90" />
    <pcbpin number="9" name="9" style="r75_35" originx="47.244094488188" originy="-62.992125984251" rotation="90" />
    <pcbpin number="10" name="10" style="r75_35" originx="47.244094488188" originy="-31.496062992126" rotation="90" />
    <pcbpin number="11" name="11" style="r75_35" originx="47.244094488188" originy="0" rotation="90" />
    <pcbpin number="12" name="12" style="r75_35" originx="47.244094488188" originy="31.496062992126" rotation="90" />
    <pcbpin number="13" name="13" style="r75_35" originx="47.244094488188" originy="62.992125984251" rotation="90" />
    <pcbpin number="14" name="14" style="r75_35" originx="47.244094488188" originy="94.488188976377" rotation="90" />
    <line layer="TOP_ASSEMBLY" originx="-64.960629921259" originy="110.23622047244" endx="64.960629921259" endy="110.23622047244" width="7.8740157480314" />
    <line layer="TOP_ASSEMBLY" originx="64.960629921259" originy="110.23622047244" endx="64.960629921259" endy="-110.23622047244" width="7.8740157480314" />
    <line layer="TOP_ASSEMBLY" originx="64.960629921259" originy="-110.23622047244" endx="-64.960629921259" endy="-110.23622047244" width="7.8740157480314" />
    <line layer="TOP_ASSEMBLY" originx="-64.960629921259" originy="-110.23622047244" endx="-64.960629921259" endy="110.23622047244" width="7.8740157480314" />
    <line layer="TOP_PLACE_BOUND" originx="-141.73228346457" originy="149.6062992126" endx="104.33070866142" endy="149.6062992126" width="3.9370078740157" />
    <line layer="TOP_PLACE_BOUND" originx="104.33070866142" originy="149.6062992126" endx="104.33070866142" endy="-149.6062992126" width="3.9370078740157" />
    <line layer="TOP_PLACE_BOUND" originx="104.33070866142" originy="-149.6062992126" endx="-141.73228346457" endy="-149.6062992126" width="3.9370078740157" />
    <line layer="TOP_PLACE_BOUND" originx="-141.73228346457" originy="-149.6062992126" endx="-141.73228346457" endy="149.6062992126" width="3.9370078740157" />
    <line layer="TOP_SILKSCREEN" originx="-15.748031496063" originy="110.23622047244" endx="15.748031496063" endy="110.23622047244" width="3.9370078740157" />
    <line layer="TOP_SILKSCREEN" originx="-15.748031496063" originy="-110.23622047244" endx="15.748031496063" endy="-110.23622047244" width="3.9370078740157" />
    <line layer="TOP_SILKSCREEN" originx="-102.36220472441" originy="94.488188976377" endx="-102.36220472441" endy="94.488188976377" width="7.8740157480314" />
    <arc layer="TOP_SILKSCREEN" originx="-98.425196850392" originy="94.488188976377" startangle="180.0" sweepangle="180.0" radius="3.9370078740157" width="7.8740157480314" />
    <line layer="TOP_SILKSCREEN" originx="-94.488188976377" originy="94.488188976377" endx="-94.488188976377" endy="94.488188976377" width="7.8740157480314" />
    <arc layer="TOP_SILKSCREEN" originx="-98.425196850392" originy="94.488188976377" startangle=".0" sweepangle="180.0" radius="3.9370078740157" width="7.8740157480314" />
  </footprint>
  <symbol name="MAX30102EFD+T" originx="0" originy="0">
    <line originx="200" originy="100" endx="1200" endy="100" width="0" />
    <line originx="1200" originy="-700" endx="1200" endy="100" width="0" />
    <line originx="1200" originy="-700" endx="200" endy="-700" width="0" />
    <line originx="200" originy="100" endx="200" endy="-700" width="0" />
    <sympin number="1" originx="200" originy="0" rotation="180" length="100" width="7.8740157480315" flipped="False">
      <text name="pinname" originx="230" originy="0" style="Default" rotation="0" justify="left" flipped="False" hidden="False" data="N.C._1" />
      <text name="pindes" originx="140" originy="20" style="Default" rotation="0" justify="lowerright" flipped="False" hidden="False" data="1" />
    </sympin>
    <sympin number="2" originx="200" originy="-100" rotation="180" length="100" width="7.8740157480315" flipped="False">
      <text name="pinname" originx="230" originy="-100" style="Default" rotation="0" justify="left" flipped="False" hidden="False" data="SCL" />
      <text name="pindes" originx="140" originy="-80" style="Default" rotation="0" justify="lowerright" flipped="False" hidden="False" data="2" />
    </sympin>
    <sympin number="3" originx="200" originy="-200" rotation="180" length="100" width="7.8740157480315" flipped="False">
      <text name="pinname" originx="230" originy="-200" style="Default" rotation="0" justify="left" flipped="False" hidden="False" data="SDA" />
      <text name="pindes" originx="140" originy="-180" style="Default" rotation="0" justify="lowerright" flipped="False" hidden="False" data="3" />
    </sympin>
    <sympin number="4" originx="200" originy="-300" rotation="180" length="100" width="7.8740157480315" flipped="False">
      <text name="pinname" originx="230" originy="-300" style="Default" rotation="0" justify="left" flipped="False" hidden="False" data="PGND" />
      <text name="pindes" originx="140" originy="-280" style="Default" rotation="0" justify="lowerright" flipped="False" hidden="False" data="4" />
    </sympin>
    <sympin number="5" originx="200" originy="-400" rotation="180" length="100" width="7.8740157480315" flipped="False">
      <text name="pinname" originx="230" originy="-400" style="Default" rotation="0" justify="left" flipped="False" hidden="False" data="N.C._2" />
      <text name="pindes" originx="140" originy="-380" style="Default" rotation="0" justify="lowerright" flipped="False" hidden="False" data="5" />
    </sympin>
    <sympin number="6" originx="200" originy="-500" rotation="180" length="100" width="7.8740157480315" flipped="False">
      <text name="pinname" originx="230" originy="-500" style="Default" rotation="0" justify="left" flipped="False" hidden="False" data="N.C._3" />
      <text name="pindes" originx="140" originy="-480" style="Default" rotation="0" justify="lowerright" flipped="False" hidden="False" data="6" />
    </sympin>
    <sympin number="7" originx="200" originy="-600" rotation="180" length="100" width="7.8740157480315" flipped="False">
      <text name="pinname" originx="230" originy="-600" style="Default" rotation="0" justify="left" flipped="False" hidden="False" data="N.C._4" />
      <text name="pindes" originx="140" originy="-580" style="Default" rotation="0" justify="lowerright" flipped="False" hidden="False" data="7" />
    </sympin>
    <sympin number="8" originx="1200" originy="-600" rotation="0" length="100" width="7.8740157480315" flipped="False">
      <text name="pinname" originx="1170" originy="-600" style="Default" rotation="0" justify="right" flipped="False" hidden="False" data="N.C._5" />
      <text name="pindes" originx="1260" originy="-580" style="Default" rotation="0" justify="lowerleft" flipped="False" hidden="False" data="8" />
    </sympin>
    <sympin number="9" originx="1200" originy="-500" rotation="0" length="100" width="7.8740157480315" flipped="False">
      <text name="pinname" originx="1170" originy="-500" style="Default" rotation="0" justify="right" flipped="False" hidden="False" data="VLED+_1" />
      <text name="pindes" originx="1260" originy="-480" style="Default" rotation="0" justify="lowerleft" flipped="False" hidden="False" data="9" />
    </sympin>
    <sympin number="10" originx="1200" originy="-400" rotation="0" length="100" width="7.8740157480315" flipped="False">
      <text name="pinname" originx="1170" originy="-400" style="Default" rotation="0" justify="right" flipped="False" hidden="False" data="VLED+_2" />
      <text name="pindes" originx="1260" originy="-380" style="Default" rotation="0" justify="lowerleft" flipped="False" hidden="False" data="10" />
    </sympin>
    <sympin number="11" originx="1200" originy="-300" rotation="0" length="100" width="7.8740157480315" flipped="False">
      <text name="pinname" originx="1170" originy="-300" style="Default" rotation="0" justify="right" flipped="False" hidden="False" data="VDD" />
      <text name="pindes" originx="1260" originy="-280" style="Default" rotation="0" justify="lowerleft" flipped="False" hidden="False" data="11" />
    </sympin>
    <sympin number="12" originx="1200" originy="-200" rotation="0" length="100" width="7.8740157480315" flipped="False">
      <text name="pinname" originx="1170" originy="-200" style="Default" rotation="0" justify="right" flipped="False" hidden="False" data="GND" />
      <text name="pindes" originx="1260" originy="-180" style="Default" rotation="0" justify="lowerleft" flipped="False" hidden="False" data="12" />
    </sympin>
    <sympin number="13" originx="1200" originy="-100" rotation="0" length="100" width="7.8740157480315" flipped="False">
      <text name="pinname" originx="1170" originy="-100" style="Default" rotation="0" justify="right" flipped="False" hidden="False" data="\INT" />
      <text name="pindes" originx="1260" originy="-80" style="Default" rotation="0" justify="lowerleft" flipped="False" hidden="False" data="13" />
    </sympin>
    <sympin number="14" originx="1200" originy="0" rotation="0" length="100" width="7.8740157480315" flipped="False">
      <text name="pinname" originx="1170" originy="0" style="Default" rotation="0" justify="right" flipped="False" hidden="False" data="N.C._6" />
      <text name="pindes" originx="1260" originy="20" style="Default" rotation="0" justify="lowerleft" flipped="False" hidden="False" data="14" />
    </sympin>
  </symbol>
  <component name="MAX30102EFD+T" designatorprefix="IC" height="64.960629921259" footprint="MAX30102EFDT">
    <comppin designator="1" sympin="1" pinswap="0" gateswap="0" gate="1" group="1" side="" type="Any" name="N.C._1" />
    <comppin designator="2" sympin="2" pinswap="0" gateswap="0" gate="1" group="1" side="" type="Any" name="SCL" />
    <comppin designator="3" sympin="3" pinswap="0" gateswap="0" gate="1" group="1" side="" type="Any" name="SDA" />
    <comppin designator="4" sympin="4" pinswap="0" gateswap="0" gate="1" group="1" side="" type="Any" name="PGND" />
    <comppin designator="5" sympin="5" pinswap="0" gateswap="0" gate="1" group="1" side="" type="Any" name="N.C._2" />
    <comppin designator="6" sympin="6" pinswap="0" gateswap="0" gate="1" group="1" side="" type="Any" name="N.C._3" />
    <comppin designator="7" sympin="7" pinswap="0" gateswap="0" gate="1" group="1" side="" type="Any" name="N.C._4" />
    <comppin designator="8" sympin="8" pinswap="0" gateswap="0" gate="1" group="1" side="" type="Any" name="N.C._5" />
    <comppin designator="9" sympin="9" pinswap="0" gateswap="0" gate="1" group="1" side="" type="Any" name="VLED+_1" />
    <comppin designator="10" sympin="10" pinswap="0" gateswap="0" gate="1" group="1" side="" type="Any" name="VLED+_2" />
    <comppin designator="11" sympin="11" pinswap="0" gateswap="0" gate="1" group="1" side="" type="Any" name="VDD" />
    <comppin designator="12" sympin="12" pinswap="0" gateswap="0" gate="1" group="1" side="" type="Any" name="GND" />
    <comppin designator="13" sympin="13" pinswap="0" gateswap="0" gate="1" group="1" side="" type="Any" name="|INT" />
    <comppin designator="14" sympin="14" pinswap="0" gateswap="0" gate="1" group="1" side="" type="Any" name="N.C._6" />
    <attached_symbol gate="1" name="MAX30102EFD+T" />
    <pinmap designator="1" footprintpin="1" />
    <pinmap designator="2" footprintpin="2" />
    <pinmap designator="3" footprintpin="3" />
    <pinmap designator="4" footprintpin="4" />
    <pinmap designator="5" footprintpin="5" />
    <pinmap designator="6" footprintpin="6" />
    <pinmap designator="7" footprintpin="7" />
    <pinmap designator="8" footprintpin="8" />
    <pinmap designator="9" footprintpin="9" />
    <pinmap designator="10" footprintpin="10" />
    <pinmap designator="11" footprintpin="11" />
    <pinmap designator="12" footprintpin="12" />
    <pinmap designator="13" footprintpin="13" />
    <pinmap designator="14" footprintpin="14" />
    <text name="Datasheet" originx="0" originy="0" style="Default" rotation="0" justify="" flipped="False" hidden="True" data="https://datasheets.maximintegrated.com/en/ds/MAX30102.pdf" />
    <text name="Description" originx="0" originy="0" style="Default" rotation="0" justify="" flipped="False" hidden="True" data="Biometric Sensors Integrated Optical Sensor" />
    <text name="Manufacturer_Name" originx="0" originy="0" style="Default" rotation="0" justify="" flipped="False" hidden="True" data="Maxim Integrated" />
    <text name="Manufacturer_Part_Number" originx="1250" originy="200" style="Default" rotation="0" justify="left" flipped="False" hidden="False" data="MAX30102EFD+T" />
    <text name="Mouser Part Number" originx="0" originy="0" style="Default" rotation="0" justify="" flipped="False" hidden="True" data="700-MAX30102EFD+T" />
    <text name="Mouser Price/Stock" originx="0" originy="0" style="Default" rotation="0" justify="" flipped="False" hidden="True" data="https://www.mouser.co.uk/ProductDetail/Maxim-Integrated/MAX30102EFD%2bT?qs=nVS1qgv%252BQrkHA4%2FoFYriFA%3D%3D" />
    <text name="Arrow Part Number" originx="0" originy="0" style="Default" rotation="0" justify="" flipped="False" hidden="True" data="MAX30102EFD+T" />
    <text name="Arrow Price/Stock" originx="0" originy="0" style="Default" rotation="0" justify="" flipped="False" hidden="True" data="https://www.arrow.com/en/products/max30102efdt/maxim-integrated?region=nac" />
    <text name="Mouser Testing Part Number" originx="0" originy="0" style="Default" rotation="0" justify="" flipped="False" hidden="True" data="" />
    <text name="Mouser Testing Price/Stock" originx="0" originy="0" style="Default" rotation="0" justify="" flipped="False" hidden="True" data="" />
  </component>
</quadcept_library>
